ts,track_id,line_role,line_role_str,c0,c1,c2,c3,ego_x,ego_y,ego_yaw,LD_Track_Age,LD_Quality,LD_Confidence,LD_Crossing,LD_Crossing_ID,LD_Filter,LD_Dash_Average_Gap,LD_Dash_Average_Length,LD_Type,LD_Color,LD_Start,LD_End,LD_End_Reason,Line_Is_Virtual
1695432401254900000,60,1,Host_Left,1.7183526754379272,0.0061561171896755,0.0006426812033168,1.18635634862585e-05,0.0,0.0,1.139213421515891,1472.0,3.0,1.0,False,0.0,0.0,0.0,0.0,1.0,2.0,-61.215911865234375,17.401975631713867,0.0,False
1695432401254900000,61,2,Host_Right,-1.2511539459228516,0.0060926545411348,8.48643176141195e-05,3.087599509399297e-07,0.0,0.0,1.139213421515891,1305.0,3.0,1.0,False,0.0,0.0,0.0,0.0,2.0,1.0,-59.734947204589844,16.29242706298828,0.0,False
1695432401254900000,62,3,Adjacent_Left_Left,5.228930950164795,0.0608825273811817,-0.0097460802644491,0.0008314514416269,0.0,0.0,1.139213421515891,20.0,3.0,1.0,False,0.0,0.0,0.0,0.0,2.0,1.0,-1.7339974641799927,4.0,0.0,False
1695432401254900000,31,6,Adjacent_Right_Right,-4.197195529937744,0.0048078098334372,-0.0001810795511119,-6.338023013086058e-06,0.0,0.0,1.139213421515891,1740.0,3.0,1.0,False,0.0,0.0,0.0,0.0,1.0,1.0,-59.62240219116211,15.215251922607422,0.0,False
1695432401254900000,44,10,RightRight_Right,-7.096484661102295,-0.0160828176885843,-0.0009794536745175,-1.5943844118737616e-05,0.0,0.0,1.139213421515891,277.0,3.0,1.0,False,0.0,0.0,0.0,0.0,1.0,1.0,-27.03684425354004,13.999732971191406,0.0,False
1695432401288256000,60,1,Host_Left,1.7196141481399536,0.0063183140009641,0.0006388794281519,1.170390078186756e-05,0.0,0.0,1.139213421515891,1473.0,3.0,1.0,False,0.0,0.0,0.0,0.0,1.0,2.0,-61.38185119628906,17.314830780029297,0.0,False
1695432401288256000,61,2,Host_Right,-1.2499380111694336,0.0061201239004731,7.954668399179354e-05,2.0038727654991817e-07,0.0,0.0,1.139213421515891,1306.0,3.0,1.0,False,0.0,0.0,0.0,0.0,2.0,1.0,-59.90084457397461,16.202062606811523,0.0,False
1695432401288256000,62,3,Adjacent_Left_Left,5.233698844909668,0.0577924698591232,-0.0079254051670432,0.0006462450255639,0.0,0.0,1.139213421515891,20.0,3.0,1.0,False,0.0,0.0,0.0,0.0,2.0,1.0,-1.9000176191329956,4.0,0.0,False
1695432401288256000,31,6,Adjacent_Right_Right,-4.1952805519104,0.004559644497931,-0.0001978369400603,-6.511730134661775e-06,0.0,0.0,1.139213421515891,1741.0,3.0,1.0,False,0.0,0.0,0.0,0.0,1.0,1.0,-59.78825378417969,15.1199312210083,0.0,False
1695432401288256000,44,10,RightRight_Right,-7.101084232330322,-0.0161104835569858,-0.0008944428991526,-1.2279143447813112e-05,0.0,0.0,1.139213421515891,278.0,3.0,1.0,False,0.0,0.0,0.0,0.0,1.0,1.0,-27.20264434814453,13.914755821228027,0.0,False
1695432401321613000,60,1,Host_Left,1.7214231491088867,0.0065775304101407,0.0006408675690181,1.1599439858400729e-05,0.047634814208834086,0.10173217756585018,1.1391762735282749,1474.0,3.0,1.0,False,0.0,0.0,0.0,0.0,1.0,2.0,-59.928016662597656,17.130861282348633,0.0,False
1695432401321613000,61,2,Host_Right,-1.248431921005249,0.0061304299160838,7.59716349421069e-05,1.3628695683109981e-07,0.047634814208834086,0.10173217756585018,1.1391762735282749,1307.0,3.0,1.0,False,0.0,0.0,0.0,0.0,2.0,1.0,-60.12910079956055,15.98655891418457,0.0,False
1695432401321613000,62,3,Adjacent_Left_Left,5.240875720977783,0.0546475872397422,-0.0061626052483916,0.0004848980752285,0.047634814208834086,0.10173217756585018,1.1391762735282749,20.0,3.0,1.0,False,0.0,0.0,0.0,0.0,2.0,1.0,-2.128208637237549,4.0,0.0,False
1695432401321613000,31,6,Adjacent_Right_Right,-4.194089412689209,0.0044177845120429,-0.0001928162673721,-6.277577085711528e-06,0.047634814208834086,0.10173217756585018,1.1391762735282749,1742.0,3.0,1.0,False,0.0,0.0,0.0,0.0,1.0,1.0,-60.01654052734375,14.874863624572754,0.0,False
1695432401321613000,44,10,RightRight_Right,-7.107479095458984,-0.0160602331161499,-0.0007662919815629,-7.0039218371675815e-06,0.047634814208834086,0.10173217756585018,1.1391762735282749,279.0,3.0,1.0,False,0.0,0.0,0.0,0.0,1.0,1.0,-27.43097496032715,13.653937339782715,0.0,False
1695432401354970000,60,1,Host_Left,1.723504662513733,0.006778797134757,0.0006324849673546,1.1135889508295804e-05,0.14136827926563456,0.30415202258109275,1.1391728959865723,1475.0,3.0,1.0,False,0.0,0.0,0.0,0.0,1.0,2.0,-60.08993911743164,17.057201385498047,0.0,False
1695432401354970000,61,2,Host_Right,-1.2473320960998535,0.0061111045069992,7.19059826224111e-05,6.249150175108299e-08,0.14136827926563456,0.30415202258109275,1.1391728959865723,1308.0,3.0,1.0,False,0.0,0.0,0.0,0.0,2.0,1.0,-60.291080474853516,15.872284889221191,0.0,False
1695432401354970000,62,3,Adjacent_Left_Left,5.246372222900391,0.0529583394527435,-0.0052493689581751,0.0004097796918358,0.14136827926563456,0.30415202258109275,1.1391728959865723,20.0,3.0,1.0,False,0.0,0.0,0.0,0.0,2.0,1.0,-2.2900352478027344,4.0,0.0,False
1695432401354970000,31,6,Adjacent_Right_Right,-4.193262100219727,0.0042415186762809,-0.0001919182832352,-6.162558747746516e-06,0.14136827926563456,0.30415202258109275,1.1391728959865723,1743.0,3.0,1.0,False,0.0,0.0,0.0,0.0,1.0,1.0,-60.178585052490234,14.720969200134277,0.0,False
1695432401354970000,44,10,RightRight_Right,-7.112436771392822,-0.015971215441823,-0.0006661675870418,-3.213643140043132e-06,0.14136827926563456,0.30415202258109275,1.1391728959865723,280.0,3.0,1.0,False,0.0,0.0,0.0,0.0,1.0,1.0,-27.593095779418945,13.470388412475586,0.0,False
1695432401388326000,60,1,Host_Left,1.7253482341766355,0.0069668190553784,0.0006292708567343,1.09709089883836e-05,0.18830504815036875,0.4053897839695537,1.1391868200298272,1476.0,3.0,1.0,False,0.0,0.0,0.0,0.0,1.0,2.0,-60.257869720458984,16.945526123046875,0.0,False
1695432401388326000,61,2,Host_Right,-1.2461951971054075,0.0060999360866844,6.802317511755973e-05,-6.715369149645767e-09,0.18830504815036875,0.4053897839695537,1.1391868200298272,1309.0,3.0,1.0,False,0.0,0.0,0.0,0.0,2.0,1.0,-60.459049224853516,15.750542640686035,0.0,False
1695432401388326000,31,6,Adjacent_Right_Right,-4.192386150360107,0.0040372726507484,-0.0001951098674908,-6.11515542914276e-06,0.18830504815036875,0.4053897839695537,1.1391868200298272,1744.0,3.0,1.0,False,0.0,0.0,0.0,0.0,1.0,1.0,-60.346595764160156,14.589251518249512,0.0,False
1695432401388326000,44,10,RightRight_Right,-7.117203235626221,-0.0158277861773967,-0.0005721258930861,8.464866141366657e-08,0.18830504815036875,0.4053897839695537,1.1391868200298272,281.0,3.0,1.0,False,0.0,0.0,0.0,0.0,1.0,1.0,-27.761159896850586,13.341649055480957,0.0,False
1695432401421683000,60,1,Host_Left,1.7274259328842163,0.0070943986065685,0.0006188866100274,1.0675469638954382e-05,0.28373033794412095,0.607805972287565,1.139144883539833,1477.0,3.0,1.0,False,0.0,0.0,0.0,0.0,1.0,2.0,-60.48228073120117,16.817813873291016,0.0,False
1695432401421683000,61,2,Host_Right,-1.244759202003479,0.0060969442129135,6.538046000059694e-05,-5.138687342309822e-08,0.28373033794412095,0.607805972287565,1.139144883539833,1310.0,3.0,1.0,False,0.0,0.0,0.0,0.0,2.0,1.0,-60.683509826660156,15.604792594909668,0.0,False
1695432401421683000,31,6,Adjacent_Right_Right,-4.191451549530029,0.0038227813784033,-0.000197070010472,-6.026912160450593e-06,0.28373033794412095,0.607805972287565,1.139144883539833,1745.0,3.0,1.0,False,0.0,0.0,0.0,0.0,1.0,1.0,-60.571109771728516,14.424214363098145,0.0,False
1695432401421683000,44,10,RightRight_Right,-7.121539115905762,-0.0160384848713874,-0.0005620605079457,-1.1909053654335366e-07,0.28373033794412095,0.607805972287565,1.139144883539833,282.0,3.0,1.0,False,0.0,0.0,0.0,0.0,1.0,1.0,-27.985740661621094,13.156534194946289,0.0,False
1695432401455040000,60,1,Host_Left,1.7293286323547363,0.0073464415036141,0.0006208511185832,1.0605053830659015e-05,0.3788665278322014,0.8110206771898447,1.1391234039938898,1478.0,3.0,1.0,False,0.0,0.0,0.0,0.0,1.0,2.0,-60.65107345581055,16.717802047729492,0.0,False
1695432401455040000,61,2,Host_Right,-1.2437788248062134,0.0061215041205286,6.475279951700941e-05,-5.8294681082315953e-08,0.3788665278322014,0.8110206771898447,1.1391234039938898,1311.0,3.0,1.0,False,0.0,0.0,0.0,0.0,2.0,1.0,-60.85228729248047,15.505846977233887,0.0,False
1695432401455040000,31,6,Adjacent_Right_Right,-4.1907806396484375,0.0036522056907415,-0.0001989809679798,-5.960034286545124e-06,0.3788665278322014,0.8110206771898447,1.1391234039938898,1746.0,3.0,1.0,False,0.0,0.0,0.0,0.0,1.0,1.0,-60.7398681640625,14.326436042785645,0.0,False
1695432401455040000,44,10,RightRight_Right,-7.124420166015625,-0.0161903593689203,-0.0005683820927515,-9.464159802519134e-07,0.3788665278322014,0.8110206771898447,1.1391234039938898,283.0,3.0,1.0,False,0.0,0.0,0.0,0.0,1.0,1.0,-28.154481887817383,13.059098243713379,0.0,False
1695432401488510000,60,1,Host_Left,1.7310866117477417,0.0076315370388329,0.0006241324008442,1.0556615052337293e-05,0.42632252739701926,0.9129753666846909,1.1390962424155595,1479.0,3.0,1.0,False,0.0,0.0,0.0,0.0,1.0,2.0,-60.82057571411133,16.72252082824707,0.0,False
1695432401488510000,61,2,Host_Right,-1.2427705526351929,0.0061744139529764,6.337861123029143e-05,-8.154569997032014e-08,0.42632252739701926,0.9129753666846909,1.1390962424155595,1312.0,3.0,1.0,False,0.0,0.0,0.0,0.0,2.0,1.0,-61.021690368652344,15.464858055114746,0.0,False
1695432401488510000,31,6,Adjacent_Right_Right,-4.190206527709961,0.0035304122138768,-0.0001996294886339,-5.874873750144616e-06,0.42632252739701926,0.9129753666846909,1.1390962424155595,1747.0,3.0,1.0,False,0.0,0.0,0.0,0.0,1.0,1.0,-60.9091682434082,14.241625785827637,0.0,False
1695432401488510000,44,10,RightRight_Right,-7.125611782073975,-0.0166024509817361,-0.0006561708869412,-4.924738277622964e-06,0.42632252739701926,0.9129753666846909,1.1390962424155595,284.0,3.0,1.0,False,0.0,0.0,0.0,0.0,1.0,1.0,-28.323654174804688,12.914081573486328,0.0,False
1695432401521867000,60,1,Host_Left,1.7331819534301758,0.008113375864923,0.0006383536383509,1.0652593118720688e-05,0.5222910110721273,1.116843152907336,1.1389796485686448,1480.0,3.0,1.0,False,0.0,0.0,0.0,0.0,1.0,2.0,-61.05250549316406,16.450428009033203,0.0,False
1695432401521867000,61,2,Host_Right,-1.2414246797561646,0.006276671309024,6.355324876494706e-05,-7.525801493102335e-08,0.5222910110721273,1.116843152907336,1.1389796485686448,1313.0,3.0,1.0,False,0.0,0.0,0.0,0.0,2.0,1.0,-59.54997634887695,15.212616920471191,0.0,False
1695432401521867000,31,6,Adjacent_Right_Right,-4.189574718475342,0.0034316161181777,-0.0001994157646549,-5.758773568231845e-06,0.5222910110721273,1.116843152907336,1.1389796485686448,1748.0,3.0,1.0,False,0.0,0.0,0.0,0.0,1.0,1.0,-59.52946472167969,14.010055541992188,0.0,False
1695432401521867000,44,10,RightRight_Right,-7.126483917236328,-0.0174863077700138,-0.0008289199322462,-1.1776182873290963e-05,0.5222910110721273,1.116843152907336,1.1389796485686448,285.0,3.0,1.0,False,0.0,0.0,0.0,0.0,1.0,1.0,-28.554994583129883,12.681368827819824,0.0,False
1695432401555223000,60,1,Host_Left,1.7346851825714111,0.0083869835361838,0.0006397615652531,1.0583214134385344e-05,0.6177619515284505,1.3215291422402515,1.1388517157383082,1481.0,3.0,1.0,False,0.0,0.0,0.0,0.0,1.0,2.0,-61.216827392578125,16.228055953979492,0.0,False
1695432401555223000,61,2,Host_Right,-1.2403299808502195,0.0063882078975439,6.040785592631437e-05,-2.24722896291496e-07,0.6177619515284505,1.3215291422402515,1.1388517157383082,1314.0,3.0,1.0,False,0.0,0.0,0.0,0.0,2.0,1.0,-59.714107513427734,15.033265113830566,0.0,False
1695432401555223000,31,6,Adjacent_Right_Right,-4.188899993896484,0.0033404028508812,-0.0002085606975015,-5.9892627177760005e-06,0.6177619515284505,1.3215291422402515,1.1388517157383082,1749.0,3.0,1.0,False,0.0,0.0,0.0,0.0,1.0,1.0,-59.69338607788086,13.871574401855469,0.0,False
1695432401555223000,44,10,RightRight_Right,-7.129990577697754,-0.0176419224590063,-0.0007980861118994,-1.0009328434534837e-05,0.6177619515284505,1.3215291422402515,1.1388517157383082,286.0,3.0,1.0,False,0.0,0.0,0.0,0.0,1.0,1.0,-28.71866226196289,12.594680786132812,0.0,False
1695432401588580000,60,1,Host_Left,1.7359603643417358,0.0084523251280188,0.000623112602625,1.0250838386127724e-05,0.6653073150099544,1.4241790095732085,1.138784395134082,1482.0,3.0,1.0,False,0.0,0.0,0.0,0.0,1.0,2.0,-61.38752365112305,16.033594131469727,0.0,False
1695432401588580000,61,2,Host_Right,-1.2393189668655396,0.0065162377431988,5.946376040810719e-05,-2.399028460331465e-07,0.6653073150099544,1.4241790095732085,1.138784395134082,1315.0,3.0,1.0,False,0.0,0.0,0.0,0.0,2.0,1.0,-59.884544372558594,14.870085716247559,0.0,False
1695432401588580000,31,6,Adjacent_Right_Right,-4.188312530517578,0.0032477625645697,-0.0002161396696465,-6.02754198553157e-06,0.6653073150099544,1.4241790095732085,1.138784395134082,1750.0,3.0,1.0,False,0.0,0.0,0.0,0.0,1.0,1.0,-59.8635368347168,13.734871864318848,0.0,False
1695432401588580000,44,10,RightRight_Right,-7.129362106323242,-0.0194982588291168,-0.0011148870689794,-2.111480171151925e-05,0.6653073150099544,1.4241790095732085,1.138784395134082,287.0,3.0,1.0,False,0.0,0.0,0.0,0.0,1.0,1.0,-28.888471603393555,12.447907447814941,0.0,False
1695432401621937000,60,1,Host_Left,1.7384666204452517,0.008889433927834,0.0006263795658014,1.0185956853092648e-05,0.7615708578196063,1.631062383960284,1.1386122543973394,1483.0,3.0,1.0,False,0.0,0.0,0.0,0.0,1.0,2.0,-59.96833419799805,15.530415534973145,0.0,False
1695432401621937000,61,2,Host_Right,-1.2376079559326172,0.0066338060423731,5.0816026487154886e-05,-3.903108165559388e-07,0.7615708578196063,1.631062383960284,1.1386122543973394,1316.0,3.0,1.0,False,0.0,0.0,0.0,0.0,2.0,1.0,-60.111366271972656,14.48623275756836,0.0,False
1695432401621937000,31,6,Adjacent_Right_Right,-4.187413692474365,0.0034034894779324,-0.0002051398187177,-5.756708105764119e-06,0.7615708578196063,1.631062383960284,1.1386122543973394,1751.0,3.0,1.0,False,0.0,0.0,0.0,0.0,1.0,1.0,-60.0899658203125,13.47054672241211,0.0,False
1695432401621937000,44,10,RightRight_Right,-7.133195400238037,-0.0195160079747438,-0.0010568868601694,-1.7938384189619683e-05,0.7615708578196063,1.631062383960284,1.1386122543973394,288.0,3.0,1.0,False,0.0,0.0,0.0,0.0,1.0,1.0,-29.114431381225586,12.324237823486328,0.0,False
1695432401655293000,60,1,Host_Left,1.7407056093215942,0.0091189555823802,0.0006115458672866,9.66252355283359e-06,0.8573409038330624,1.8378102831100023,1.1384454637633004,1484.0,3.0,1.0,False,0.0,0.0,0.0,0.0,1.0,2.0,-60.13844680786133,15.125528335571289,0.0,False
1695432401655293000,61,2,Host_Right,-1.236178278923035,0.0067036291584372,4.1661845898488536e-05,-5.407170533544559e-07,0.8573409038330624,1.8378102831100023,1.1384454637633004,1317.0,3.0,1.0,False,0.0,0.0,0.0,0.0,2.0,1.0,-60.28118133544922,14.195995330810547,0.0,False
1695432401655293000,31,6,Adjacent_Right_Right,-4.187512874603272,0.003238106612116,-0.0002150179061572,-5.81561516810325e-06,0.8573409038330624,1.8378102831100023,1.1384454637633004,1752.0,3.0,1.0,False,0.0,0.0,0.0,0.0,1.0,1.0,-60.25947570800781,13.290182113647461,0.0,False
1695432401655293000,44,10,RightRight_Right,-7.136889934539795,-0.0193142760545015,-0.0009707001154311,-1.4147251022222918e-05,0.8573409038330624,1.8378102831100023,1.1384454637633004,289.0,3.0,1.0,False,0.0,0.0,0.0,0.0,1.0,1.0,-29.283573150634766,12.279955863952637,0.0,False
1695432401688651000,60,1,Host_Left,1.7427301406860352,0.0093554062768816,0.000603433640208,9.4492779680877e-06,0.905061200197224,1.9410988798252902,1.1383705387032024,1485.0,3.0,1.0,False,0.0,0.0,0.0,0.0,1.0,2.0,-60.31547546386719,14.724044799804688,0.0,False
1695432401688651000,61,2,Host_Right,-1.235242486000061,0.0068914960138499,4.73131804028526e-05,-4.296574047657488e-07,0.905061200197224,1.9410988798252902,1.1383705387032024,1318.0,3.0,1.0,False,0.0,0.0,0.0,0.0,2.0,1.0,-60.457889556884766,13.918647766113281,0.0,False
1695432401688651000,31,6,Adjacent_Right_Right,-4.187378406524658,0.0030793400947004,-0.0002265621587866,-5.90234640185372e-06,0.905061200197224,1.9410988798252902,1.1383705387032024,1753.0,3.0,1.0,False,0.0,0.0,0.0,0.0,1.0,1.0,-60.43585205078125,13.130722045898438,0.0,False
1695432401688651000,44,10,RightRight_Right,-7.140512943267822,-0.0190500505268573,-0.0008940848056226,-1.1167935554112772e-05,0.905061200197224,1.9410988798252902,1.1383705387032024,290.0,3.0,1.0,False,0.0,0.0,0.0,0.0,1.0,1.0,-29.459552764892578,12.262332916259766,0.0,False
1695432401722008000,60,1,Host_Left,1.745079517364502,0.0096519272774457,0.0005962413852103,9.239815881301183e-06,1.0010345241898904,2.148397637484436,1.1382023621240596,1486.0,3.0,1.0,False,0.0,0.0,0.0,0.0,1.0,2.0,-60.538368225097656,14.323573112487793,0.0,False
1695432401722008000,61,2,Host_Right,-1.2336108684539795,0.0069582425057888,3.591086351661943e-05,-6.134247314548702e-07,1.0010345241898904,2.148397637484436,1.1382023621240596,1319.0,3.0,1.0,False,0.0,0.0,0.0,0.0,2.0,1.0,-60.680381774902344,13.636177062988281,0.0,False
1695432401722008000,31,6,Adjacent_Right_Right,-4.186631679534912,0.0031815734691917,-0.0002205860801041,-5.717867679777555e-06,1.0010345241898904,2.148397637484436,1.1382023621240596,1754.0,3.0,1.0,False,0.0,0.0,0.0,0.0,1.0,1.0,-60.65793228149414,12.965052604675293,0.0,False
1695432401722008000,44,10,RightRight_Right,-7.142068862915039,-0.0162557438015937,-0.0005252265254966,2.2070609873026123e-07,1.0010345241898904,2.148397637484436,1.1382023621240596,291.0,3.0,1.0,False,0.0,0.0,0.0,0.0,1.0,1.0,-29.681137084960938,12.25204849243164,0.0,False
1695432401755364000,60,1,Host_Left,1.7469428777694702,0.0097786914557218,0.0005857944488525,9.008259439724496e-06,1.096718755595134,2.35559959152954,1.138059936937036,1487.0,3.0,1.0,False,0.0,0.0,0.0,0.0,1.0,2.0,-60.70966720581055,13.91712474822998,0.0,False
1695432401755364000,61,2,Host_Right,-1.231980800628662,0.0068707172758877,1.6202251572394744e-05,-9.242799592357188e-07,1.096718755595134,2.35559959152954,1.138059936937036,1320.0,3.0,1.0,False,0.0,0.0,0.0,0.0,2.0,1.0,-60.851470947265625,13.321219444274902,0.0,False
1695432401755364000,31,6,Adjacent_Right_Right,-4.186403274536133,0.003065617987886,-0.0002261642366647,-5.724235961679369e-06,1.096718755595134,2.35559959152954,1.138059936937036,1755.0,3.0,1.0,False,0.0,0.0,0.0,0.0,1.0,1.0,-60.82880401611328,12.74012279510498,0.0,False
1695432401755364000,44,10,RightRight_Right,-7.143579483032227,-0.0143829332664608,-0.0002971517096739,6.3815714383963495e-06,1.096718755595134,2.35559959152954,1.138059936937036,292.0,3.0,1.0,False,0.0,0.0,0.0,0.0,1.0,1.0,-29.851749420166016,12.137351989746094,0.0,False
1695432401788721000,60,1,Host_Left,1.7487696409225464,0.009878858923912,0.0005743392976,8.768691259319894e-06,1.1444721913049989,2.4592191021838516,1.138013780777511,1488.0,3.0,1.0,False,0.0,0.0,0.0,0.0,1.0,2.0,-60.88142395019531,13.507607460021973,0.0,False
1695432401788721000,61,2,Host_Right,-1.2301908731460571,0.0067756311036646,-4.200798230158398e-06,-1.2378421843095566e-06,1.1444721913049989,2.4592191021838516,1.138013780777511,1321.0,3.0,1.0,False,0.0,0.0,0.0,0.0,2.0,1.0,-61.02301788330078,13.020957946777344,0.0,False
1695432401788721000,31,6,Adjacent_Right_Right,-4.186344146728516,0.0021620749030262,-0.0002980947028845,-6.741928245901363e-06,1.1444721913049989,2.4592191021838516,1.138013780777511,1756.0,3.0,1.0,False,0.0,0.0,0.0,0.0,1.0,1.0,-61.0001335144043,12.543356895446777,0.0,False
1695432401788721000,44,10,RightRight_Right,-7.1480584144592285,-0.0150882853195071,-0.0003798413963522,3.086054221057566e-06,1.1444721913049989,2.4592191021838516,1.138013780777511,293.0,3.0,1.0,False,0.0,0.0,0.0,0.0,1.0,1.0,-30.022817611694336,12.05014419555664,0.0,False
1695432401822077000,60,1,Host_Left,1.751015067100525,0.0099774338304996,0.0005619926960207,8.504703146172687e-06,1.2403285144637834,2.66745188303787,1.1378906213925346,1489.0,3.0,1.0,False,0.0,0.0,0.0,0.0,1.0,2.0,-61.110504150390625,13.138283729553223,0.0,False
1695432401822077000,61,2,Host_Right,-1.2284802198410034,0.0066983858123421,-1.7153484805021435e-05,-1.4074668115426905e-06,1.2403285144637834,2.66745188303787,1.1378906213925346,1322.0,3.0,1.0,False,0.0,0.0,0.0,0.0,2.0,1.0,-59.61698532104492,12.736071586608887,0.0,False
1695432401822077000,31,6,Adjacent_Right_Right,-4.185544013977051,0.0020786465611308,-0.0002981369907502,-6.616515292989789e-06,1.2403285144637834,2.66745188303787,1.1378906213925346,1757.0,3.0,1.0,False,0.0,0.0,0.0,0.0,1.0,1.0,-59.54623031616211,12.341667175292969,0.0,False
1695432401822077000,44,10,RightRight_Right,-7.154247760772705,-0.0165257398039102,-0.0005228535155765,-1.3934518392488826e-06,1.2403285144637834,2.66745188303787,1.1378906213925346,294.0,3.0,1.0,False,0.0,0.0,0.0,0.0,1.0,1.0,-30.251323699951172,11.927127838134766,0.0,False
1695432401855434000,60,1,Host_Left,1.75260591506958,0.0099335946142673,0.0005475479993037,8.240342140197754e-06,1.336356605753224,2.875433264261119,1.137837219309019,1490.0,3.0,1.0,False,0.0,0.0,0.0,0.0,1.0,2.0,-61.28254699707031,12.770058631896973,0.0,False
1695432401855434000,61,2,Host_Right,-1.227609157562256,0.0068542743101716,-4.178852577751968e-06,-1.2502937352110166e-06,1.336356605753224,2.875433264261119,1.137837219309019,1323.0,3.0,1.0,False,0.0,0.0,0.0,0.0,2.0,1.0,-59.78898239135742,12.43563461303711,0.0,False
1695432401855434000,31,6,Adjacent_Right_Right,-4.185220241546631,0.0017560066189616,-0.0003195966419298,-7.0087521635286976e-06,1.336356605753224,2.875433264261119,1.137837219309019,1758.0,3.0,1.0,False,0.0,0.0,0.0,0.0,1.0,1.0,-59.71817398071289,12.105474472045898,0.0,False
1695432401855434000,44,10,RightRight_Right,-7.159765720367432,-0.0181705988943576,-0.0006752226618118,-5.614160272671143e-06,1.336356605753224,2.875433264261119,1.137837219309019,295.0,3.0,1.0,False,0.0,0.0,0.0,0.0,1.0,1.0,-30.42321014404297,11.754881858825684,0.0,False
1695432401888905000,60,1,Host_Left,1.754049301147461,0.009916047565639,0.0005354403983801,8.020409040909726e-06,1.3845035423004788,2.9793249154796513,1.1378095813760565,1491.0,3.0,1.0,False,0.0,0.0,0.0,0.0,1.0,2.0,-61.454986572265625,12.478068351745605,0.0,False
1695432401888905000,61,2,Host_Right,-1.226541519165039,0.0066673341207206,-2.319543091289233e-05,-1.5374903341580648e-06,1.3845035423004788,2.9793249154796513,1.1378095813760565,1324.0,3.0,1.0,False,0.0,0.0,0.0,0.0,2.0,1.0,-59.96132278442383,12.180418014526367,0.0,False
1695432401888905000,31,6,Adjacent_Right_Right,-4.18597936630249,0.0019761794246733,-0.0002850371820386,-6.350710918923141e-06,1.3845035423004788,2.9793249154796513,1.1378095813760565,1759.0,3.0,1.0,False,0.0,0.0,0.0,0.0,1.0,1.0,-59.890403747558594,11.887957572937012,0.0,False
1695432401888905000,44,10,RightRight_Right,-7.165641784667969,-0.0204962193965911,-0.0009054775582626,-1.1835773875645828e-05,1.3845035423004788,2.9793249154796513,1.1378095813760565,296.0,3.0,1.0,False,0.0,0.0,0.0,0.0,1.0,1.0,-30.59531593322754,11.568284034729004,0.0,False
1695432401922261000,60,1,Host_Left,1.7558363676071167,0.010344105772674,0.0005558455595746,8.273398634628393e-06,1.4819064670303987,3.1873635903506283,1.1377119226934405,1492.0,3.0,1.0,False,0.0,0.0,0.0,0.0,1.0,2.0,-60.17143249511719,12.176298141479492,0.0,False
1695432401922261000,61,2,Host_Right,-1.2246856689453125,0.006337521597743,-5.935818262514658e-05,-2.076031478281948e-06,1.4819064670303987,3.1873635903506283,1.1377119226934405,1325.0,3.0,1.0,False,0.0,0.0,0.0,0.0,2.0,1.0,-60.19086837768555,11.914129257202148,0.0,False
1695432401922261000,31,6,Adjacent_Right_Right,-4.187313079833984,0.0014658221043646,-0.0003119196335319,-6.642771950282622e-06,1.4819064670303987,3.1873635903506283,1.1377119226934405,1760.0,3.0,1.0,False,0.0,0.0,0.0,0.0,1.0,1.0,-60.1197395324707,11.657552719116211,0.0,False
1695432401922261000,44,10,RightRight_Right,-7.172905921936035,-0.0225537121295928,-0.0010749743087217,-1.5629271729267202e-05,1.4819064670303987,3.1873635903506283,1.1377119226934405,297.0,3.0,1.0,False,0.0,0.0,0.0,0.0,1.0,1.0,-30.82441520690918,11.373812675476074,0.0,False
1695432401955618000,60,1,Host_Left,1.7566877603530884,0.0103548122569918,0.0005406022537499,7.81203925726004e-06,1.5789704608800434,3.3954720948543127,1.1376186633805403,1493.0,3.0,1.0,False,0.0,0.0,0.0,0.0,1.0,2.0,-60.344459533691406,11.970266342163086,0.0,False
1695432401955618000,61,2,Host_Right,-1.222698211669922,0.0057725766673684,-0.0001169440583907,-2.946762606370612e-06,1.5789704608800434,3.3954720948543127,1.1376186633805403,1326.0,3.0,1.0,False,0.0,0.0,0.0,0.0,2.0,1.0,-60.363712310791016,11.740448951721191,0.0,False
1695432401955618000,31,6,Adjacent_Right_Right,-4.188791751861572,0.0008096459787338,-0.0003511317190714,-7.118927442206768e-06,1.5789704608800434,3.3954720948543127,1.1376186633805403,1761.0,3.0,1.0,False,0.0,0.0,0.0,0.0,1.0,1.0,-60.29240036010742,11.516172409057617,0.0,False
1695432401955618000,44,10,RightRight_Right,-7.17903995513916,-0.0248164143413305,-0.0012788143940269,-2.045372457359917e-05,1.5789704608800434,3.3954720948543127,1.1376186633805403,298.0,3.0,1.0,False,0.0,0.0,0.0,0.0,1.0,1.0,-30.996864318847656,11.264802932739258,0.0,False
1695432401988974000,60,1,Host_Left,1.7572983503341677,0.0103779667988419,0.00052939762827,7.612618446728447e-06,1.6272921519441184,3.4995809697245477,1.1375458556165832,1494.0,3.0,1.0,False,0.0,0.0,0.0,0.0,1.0,2.0,-60.51734924316406,11.79680061340332,0.0,False
1695432401988974000,61,2,Host_Right,-1.2208809852600098,0.0056298989802598,-0.0001375793654005,-3.2136078971234383e-06,1.6272921519441184,3.4995809697245477,1.1375458556165832,1327.0,3.0,1.0,False,0.0,0.0,0.0,0.0,2.0,1.0,-60.53630828857422,11.567487716674805,0.0,False
1695432401988974000,31,6,Adjacent_Right_Right,-4.190329551696777,0.0001814264833228,-0.0003899248258676,-7.573551101813791e-06,1.6272921519441184,3.4995809697245477,1.1375458556165832,1762.0,3.0,1.0,False,0.0,0.0,0.0,0.0,1.0,1.0,-60.464698791503906,11.34286117553711,0.0,False
1695432401988974000,44,10,RightRight_Right,-7.1852545738220215,-0.0269146859645843,-0.0014586913166567,-2.4348442821064964e-05,1.6272921519441184,3.4995809697245477,1.1375458556165832,299.0,3.0,1.0,False,0.0,0.0,0.0,0.0,1.0,1.0,-31.168821334838867,11.089255332946777,0.0,False
1695432402022331000,60,1,Host_Left,1.7582430839538574,0.0103050144389271,0.0005047033191658,7.20187881597667e-06,1.724784658310341,3.70735050189046,1.1373510234230064,1495.0,3.0,1.0,False,0.0,0.0,0.0,0.0,1.0,2.0,-60.74736022949219,11.473355293273926,0.0,False
1695432402022331000,61,2,Host_Right,-1.2188462018966677,0.0053200940601527,-0.000174415341462,-3.72610634258308e-06,1.724784658310341,3.70735050189046,1.1373510234230064,1328.0,3.0,1.0,False,0.0,0.0,0.0,0.0,1.0,1.0,-60.765892028808594,11.278857231140137,0.0,False
1695432402022331000,31,6,Adjacent_Right_Right,-4.192500591278076,-0.0008311804849654,-0.000457331072539,-8.418226570938714e-06,1.724784658310341,3.70735050189046,1.1373510234230064,1763.0,3.0,1.0,False,0.0,0.0,0.0,0.0,1.0,1.0,-60.693851470947266,11.087345123291016,0.0,False
1695432402022331000,44,10,RightRight_Right,-7.193964958190918,-0.0296011492609977,-0.0016870604595169,-2.936235978268087e-05,1.724784658310341,3.70735050189046,1.1373510234230064,300.0,3.0,1.0,False,0.0,0.0,0.0,0.0,1.0,1.0,-31.397478103637695,10.869808197021484,0.0,False
1695432402055688000,60,1,Host_Left,1.758735179901123,0.0101919397711753,0.0004859802429564,6.908000614203047e-06,1.8218208821909343,3.9154556206251527,1.137200343171115,1496.0,3.0,1.0,False,0.0,0.0,0.0,0.0,1.0,2.0,-60.92036056518555,11.233819007873535,0.0,False
1695432402055688000,61,2,Host_Right,-1.217255473136902,0.0049720075912773,-0.000207434000913,-4.171417003817624e-06,1.8218208821909343,3.9154556206251527,1.137200343171115,1329.0,3.0,1.0,False,0.0,0.0,0.0,0.0,1.0,1.0,-60.93863296508789,11.069564819335938,0.0,False
1695432402055688000,31,6,Adjacent_Right_Right,-4.194676399230957,-0.0016263810684904,-0.0005016787326894,-8.91708714334527e-06,1.8218208821909343,3.9154556206251527,1.137200343171115,1764.0,3.0,1.0,False,0.0,0.0,0.0,0.0,1.0,1.0,-60.86632537841797,10.90738582611084,0.0,False
1695432402055688000,44,10,RightRight_Right,-7.200833797454834,-0.0314517244696617,-0.0018165351357311,-3.147336246911436e-05,1.8218208821909343,3.9154556206251527,1.137200343171115,301.0,3.0,1.0,False,0.0,0.0,0.0,0.0,1.0,1.0,-31.569650650024414,10.722733497619629,0.0,False
1695432402089044000,60,1,Host_Left,1.7589430809020996,0.0099993264302611,0.0004625261062756,6.554742867592722e-06,1.8701366585177084,4.0196044716287815,1.1371265073808974,1496.0,3.0,1.0,False,0.0,0.0,0.0,0.0,1.0,2.0,-61.093505859375,10.921990394592285,0.0,False
1695432402089044000,61,2,Host_Right,-1.215869665145874,0.0046169459819793,-0.0002392002061242,-4.585956048686057e-06,1.8701366585177084,4.0196044716287815,1.1371265073808974,1330.0,3.0,1.0,False,0.0,0.0,0.0,0.0,1.0,1.0,-61.11148452758789,10.777680397033691,0.0,False
1695432402089044000,31,6,Adjacent_Right_Right,-4.1969170570373535,-0.0010892006102949,-0.0004347327922005,-7.745999937469605e-06,1.8701366585177084,4.0196044716287815,1.1371265073808974,1765.0,3.0,1.0,False,0.0,0.0,0.0,0.0,1.0,1.0,-61.038883209228516,10.636029243469238,0.0,False
1695432402089044000,44,10,RightRight_Right,-7.208083629608154,-0.0336578972637653,-0.0019945101812481,-3.520072277751751e-05,1.8701366585177084,4.0196044716287815,1.1371265073808974,302.0,3.0,1.0,False,0.0,0.0,0.0,0.0,1.0,1.0,-31.741870880126953,10.471235275268555,0.0,False
1695432402122401000,60,1,Host_Left,1.7599897384643557,0.0100841615349054,0.00045370819862,6.401814971468411e-06,1.9674318058571885,4.228535454018015,1.136964282441185,1498.0,3.0,1.0,False,0.0,0.0,0.0,0.0,1.0,2.0,-61.32451629638672,10.603261947631836,0.0,False
1695432402122401000,61,2,Host_Right,-1.214343786239624,0.0041801054030656,-0.0002785959804896,-5.0941539484483656e-06,1.9674318058571885,4.228535454018015,1.136964282441185,1331.0,3.0,1.0,False,0.0,0.0,0.0,0.0,1.0,1.0,-59.69572448730469,10.480681419372559,0.0,False
1695432402122401000,31,6,Adjacent_Right_Right,-4.204042434692383,-0.0023125626612454,-0.0004884604713879,-8.291170161101036e-06,1.9674318058571885,4.228535454018015,1.136964282441185,1766.0,3.0,1.0,False,0.0,0.0,0.0,0.0,1.0,1.0,-59.657901763916016,10.359831809997559,0.0,False
1695432402122401000,44,10,RightRight_Right,-7.218937873840332,-0.036572691053152,-0.002218150999397,-3.973707134719007e-05,1.9674318058571885,4.228535454018015,1.136964282441185,303.0,3.0,1.0,False,0.0,0.0,0.0,0.0,1.0,1.0,-31.97152328491211,10.219027519226074,0.0,False
1695432402155758000,60,1,Host_Left,1.758881688117981,0.0095356171950697,0.0004121491219848,5.820316800964065e-06,2.0643193289359942,4.437352606463946,1.1368218883321788,1499.0,3.0,1.0,False,0.0,0.0,0.0,0.0,1.0,2.0,-61.49735641479492,10.385045051574707,0.0,False
1695432402155758000,61,2,Host_Right,-1.212859869003296,0.0036808259319514,-0.0003240997029934,-5.843595317855943e-06,2.0643193289359942,4.437352606463946,1.1368218883321788,1332.0,3.0,1.0,False,0.0,0.0,0.0,0.0,1.0,1.0,-59.86831283569336,10.285096168518066,0.0,False
1695432402155758000,31,6,Adjacent_Right_Right,-4.210970401763916,-0.0038123615086078,-0.0005685587530024,-9.404334377904888e-06,2.0643193289359942,4.437352606463946,1.1368218883321788,1767.0,3.0,1.0,False,0.0,0.0,0.0,0.0,1.0,1.0,-59.83023452758789,10.18568229675293,0.0,False
1695432402155758000,44,10,RightRight_Right,-7.228663444519043,-0.0394356176257133,-0.0024338359944522,-4.3987696699332446e-05,2.0643193289359942,4.437352606463946,1.1368218883321788,304.0,3.0,1.0,False,0.0,0.0,0.0,0.0,1.0,1.0,-32.14356231689453,10.06999397277832,0.0,False
1695432402189114000,60,1,Host_Left,1.757112979888916,0.0087388111278414,0.0003585125086829,5.088418220111635e-06,2.1126766933294903,4.5417358904448974,1.1367687185497442,1500.0,3.0,1.0,False,0.0,0.0,0.0,0.0,1.0,2.0,-61.67052459716797,10.207093238830566,0.0,True
1695432402189114000,61,2,Host_Right,-1.2117223739624023,0.0031769345514476,-0.0003607237304095,-6.314387064776383e-06,2.1126766933294903,4.5417358904448974,1.1367687185497442,1333.0,3.0,1.0,False,0.0,0.0,0.0,0.0,1.0,1.0,-60.04131317138672,10.123098373413086,0.0,False
1695432402189114000,31,6,Adjacent_Right_Right,-4.218230247497559,-0.0053816060535609,-0.0006449554348364,-1.0292075785400812e-05,2.1126766933294903,4.5417358904448974,1.1367687185497442,1768.0,3.0,1.0,False,0.0,0.0,0.0,0.0,1.0,1.0,-60.00305938720703,10.038662910461426,0.0,False
1695432402189114000,44,10,RightRight_Right,-7.2410478591918945,-0.0417365245521068,-0.0025301438290625,-4.422387792146765e-05,2.1126766933294903,4.5417358904448974,1.1367687185497442,305.0,3.0,1.0,False,0.0,0.0,0.0,0.0,1.0,1.0,-32.31618881225586,9.941045761108398,0.0,False
1695432402222471000,60,1,Host_Left,1.7338937520980835,0.0016860419418662,-7.063586235744879e-05,-6.305000965767249e-07,2.210222946555632,4.7507178783477,1.1366523990193336,1501.0,3.0,1.0,False,0.0,0.0,0.0,0.0,1.0,2.0,-60.2319450378418,9.972418785095215,0.0,False
1695432402222471000,61,2,Host_Right,-1.2107635736465454,0.0026525238063186,-0.0003966040967497,-6.743282028764952e-06,2.210222946555632,4.7507178783477,1.1366523990193336,1334.0,3.0,1.0,False,0.0,0.0,0.0,0.0,1.0,1.0,-60.27174758911133,9.89243221282959,0.0,False
1695432402222471000,31,6,Adjacent_Right_Right,-4.227352619171143,-0.0067549459636211,-0.0006924623739905,-1.0666499292710796e-05,2.210222946555632,4.7507178783477,1.1366523990193336,1769.0,3.0,1.0,False,0.0,0.0,0.0,0.0,1.0,1.0,-60.23320388793945,9.807901382446289,0.0,False
1695432402222471000,44,10,RightRight_Right,-7.257389545440674,-0.0446901880204677,-0.0026790408883243,-4.608369272318669e-05,2.210222946555632,4.7507178783477,1.1366523990193336,306.0,3.0,1.0,False,0.0,0.0,0.0,0.0,1.0,1.0,-32.54600524902344,9.71027660369873,0.0,False
1695432402255828000,60,1,Host_Left,1.74141526222229,0.0038744541816413,6.601188943022862e-05,1.0469168501003878e-06,2.307497689999252,4.959569163228707,1.1365206689446048,1502.0,3.0,1.0,False,0.0,0.0,0.0,0.0,1.0,2.0,-60.40516662597656,9.800289154052734,0.0,False
1695432402255828000,61,2,Host_Right,-1.210231900215149,0.0021921214647591,-0.0004251126083545,-7.067276328598382e-06,2.307497689999252,4.959569163228707,1.1365206689446048,1335.0,3.0,1.0,False,0.0,0.0,0.0,0.0,1.0,1.0,-60.44473648071289,9.719253540039062,0.0,False
1695432402255828000,31,6,Adjacent_Right_Right,-4.236215591430664,-0.0087543874979019,-0.0007953092572279,-1.1919614735234065e-05,2.307497689999252,4.959569163228707,1.1365206689446048,1770.0,3.0,1.0,False,0.0,0.0,0.0,0.0,1.0,1.0,-60.40596008300781,9.634206771850586,0.0,False
1695432402255828000,44,10,RightRight_Right,-7.271069526672363,-0.0473948009312152,-0.0028339233249425,-4.8609188525006175e-05,2.307497689999252,4.959569163228707,1.1365206689446048,307.0,3.0,1.0,False,0.0,0.0,0.0,0.0,1.0,1.0,-32.718502044677734,9.536820411682129,0.0,False
1695432402289298000,60,1,Host_Left,1.7362408638000488,0.0022270621266216,-3.0977764254203066e-05,-2.3876000909695e-07,2.3560315606929976,5.063988784359253,1.1364726401924743,1503.0,3.0,1.0,False,0.0,0.0,0.0,0.0,1.0,2.0,-60.578529357910156,9.626032829284668,0.0,False
1695432402289298000,61,2,Host_Right,-1.2099961042404177,0.0017639002762734,-0.0004470911226235,-7.284970706677996e-06,2.3560315606929976,5.063988784359253,1.1364726401924743,1336.0,3.0,1.0,False,0.0,0.0,0.0,0.0,1.0,1.0,-60.6179084777832,9.54592514038086,0.0,False
1695432402289298000,31,6,Adjacent_Right_Right,-4.244479656219482,-0.0104580651968717,-0.0008737902389839,-1.27933071780717e-05,2.3560315606929976,5.063988784359253,1.1364726401924743,1771.0,3.0,1.0,False,0.0,0.0,0.0,0.0,1.0,1.0,-60.57894515991211,9.460485458374023,0.0,False
1695432402289298000,44,10,RightRight_Right,-7.2829203605651855,-0.0511855110526084,-0.0031537031754851,-5.626562415272929e-05,2.3560315606929976,5.063988784359253,1.1364726401924743,308.0,3.0,1.0,False,0.0,0.0,0.0,0.0,1.0,1.0,-32.89127731323242,9.362395286560059,0.0,False
1695432402322655000,60,1,Host_Left,1.7280291318893433,-0.0003590026462916,-0.0001819011376937,-2.2100325622886885e-06,2.4540612062494915,5.272953032896112,1.136345576145927,1504.0,3.0,1.0,False,0.0,0.0,0.0,0.0,1.0,2.0,-60.809852600097656,9.393399238586426,0.0,True
1695432402322655000,61,2,Host_Right,-1.210117220878601,0.0012982955668121,-0.000466453959234,-7.435201041516848e-06,2.4540612062494915,5.272953032896112,1.136345576145927,1337.0,3.0,1.0,False,0.0,0.0,0.0,0.0,1.0,1.0,-60.84902572631836,9.314654350280762,0.0,False
1695432402322655000,31,6,Adjacent_Right_Right,-4.25455379486084,-0.0124702211469411,-0.0009633830632083,-1.3767293239652645e-05,2.4540612062494915,5.272953032896112,1.136345576145927,1772.0,3.0,1.0,False,0.0,0.0,0.0,0.0,1.0,1.0,-60.80986022949219,9.228760719299316,0.0,False
1695432402322655000,44,10,RightRight_Right,-7.298412322998047,-0.0548003241419792,-0.0033862527925521,-6.036046033841558e-05,2.4540612062494915,5.272953032896112,1.136345576145927,309.0,3.0,1.0,False,0.0,0.0,0.0,0.0,1.0,1.0,-33.12196731567383,9.130595207214355,0.0,False
1695432402356011000,60,1,Host_Left,1.7282203435897827,4.097941200598143e-05,-0.0001342686882708,-1.4161104218146647e-06,2.5517018292187004,5.481932501994606,1.1362765304641953,1505.0,3.0,1.0,False,0.0,0.0,0.0,0.0,1.0,2.0,-60.983158111572266,9.220320701599121,0.0,True
1695432402356011000,61,2,Host_Right,-1.2105106115341189,0.0008622325258329,-0.0004813206323888,-7.536982138844905e-06,2.5517018292187004,5.481932501994606,1.1362765304641953,1338.0,3.0,1.0,False,0.0,0.0,0.0,0.0,1.0,1.0,-61.02226638793945,9.1412935256958,0.0,False
1695432402356011000,31,6,Adjacent_Right_Right,-4.263112545013428,-0.014057109132409,-0.0010247401660308,-1.4371871657203885e-05,2.5517018292187004,5.481932501994606,1.1362765304641953,1773.0,3.0,1.0,False,0.0,0.0,0.0,0.0,1.0,1.0,-60.983036041259766,9.05497932434082,0.0,False
1695432402356011000,44,10,RightRight_Right,-7.310900211334228,-0.0576210580766201,-0.0035511408932507,-6.286170537350699e-05,2.5517018292187004,5.481932501994606,1.1362765304641953,310.0,3.0,1.0,False,0.0,0.0,0.0,0.0,1.0,1.0,-33.295074462890625,8.956686019897461,0.0,False
1695432402389368000,60,1,Host_Left,1.7256720066070557,-0.0004830079560633,-0.0001489351852796,-1.5192532600849518e-06,2.6004175279250035,5.586428415900855,1.1362573665416833,1506.0,3.0,1.0,False,0.0,0.0,0.0,0.0,1.0,2.0,-61.15666961669922,9.04658317565918,0.0,False
1695432402389368000,61,2,Host_Right,-1.211158037185669,0.000450281513622,-0.000492988503538,-7.58864780436852e-06,2.6004175279250035,5.586428415900855,1.1362573665416833,1339.0,3.0,1.0,False,0.0,0.0,0.0,0.0,1.0,1.0,-59.68178176879883,8.967741012573242,0.0,False
1695432402389368000,31,6,Adjacent_Right_Right,-4.27146577835083,-0.0155015736818313,-0.0010758822318166,-1.4833492059551643e-05,2.6004175279250035,5.586428415900855,1.1362573665416833,1774.0,3.0,1.0,False,0.0,0.0,0.0,0.0,1.0,1.0,-61.15641784667969,8.881082534790039,0.0,False
1695432402389368000,44,10,RightRight_Right,-7.323562145233154,-0.0601449906826019,-0.0036833081394433,-6.462325836764649e-05,2.6004175279250035,5.586428415900855,1.1362573665416833,311.0,3.0,1.0,False,0.0,0.0,0.0,0.0,1.0,1.0,-33.468387603759766,8.782773971557617,0.0,False
1695432402422725000,60,1,Host_Left,1.711528778076172,-0.0043188324198126,-0.000358596938895,-4.210104634694289e-06,2.6989721654890673,5.794588023834422,1.1361997177039862,1507.0,3.0,1.0,False,0.0,0.0,0.0,0.0,1.0,2.0,-61.387760162353516,8.813790321350098,0.0,False
1695432402422725000,61,2,Host_Right,-1.211863994598389,-6.963888154132292e-05,-0.0005131409270688,-7.879946679167915e-06,2.6989721654890673,5.794588023834422,1.1361997177039862,1340.0,3.0,1.0,False,0.0,0.0,0.0,0.0,1.0,1.0,-59.912864685058594,8.73653793334961,0.0,False
1695432402422725000,31,6,Adjacent_Right_Right,-4.281162261962891,-0.0170668009668588,-0.0011250625830143,-1.5218092812574469e-05,2.6989721654890673,5.794588023834422,1.1361997177039862,1775.0,3.0,1.0,False,0.0,0.0,0.0,0.0,1.0,1.0,-59.68697738647461,8.649516105651855,0.0,False
1695432402422725000,44,10,RightRight_Right,-7.340368747711182,-0.0631563067436218,-0.003828402608633,-6.652708543697372e-05,2.6989721654890673,5.794588023834422,1.1361997177039862,312.0,3.0,1.0,False,0.0,0.0,0.0,0.0,1.0,1.0,-33.699462890625,8.55109977722168,0.0,False
1695432402456081000,60,1,Host_Left,1.7171642780303955,-0.0020773166324943,-0.0001920803188113,-1.800663881112996e-06,2.7968873478644127,6.003083158717573,1.136171995218623,1508.0,3.0,1.0,False,0.0,0.0,0.0,0.0,1.0,2.0,-61.56123733520508,8.641389846801758,0.0,False
1695432402456081000,61,2,Host_Right,-1.2130861282348633,-0.000355104682967,-0.0005109289777465,-7.717404514551163e-06,2.7968873478644127,6.003083158717573,1.136171995218623,1341.0,3.0,1.0,False,0.0,0.0,0.0,0.0,1.0,1.0,-60.08634948730469,8.563020706176758,0.0,False
1695432402456081000,31,6,Adjacent_Right_Right,-4.288298606872559,-0.0183053016662597,-0.001174722565338,-1.592919034010265e-05,2.7968873478644127,6.003083158717573,1.136171995218623,1776.0,3.0,1.0,False,0.0,0.0,0.0,0.0,1.0,1.0,-59.86046600341797,8.475640296936035,0.0,False
1695432402456081000,44,10,RightRight_Right,-7.352711677551269,-0.0649064779281616,-0.0038786337245255,-6.638847844442353e-05,2.7968873478644127,6.003083158717573,1.136171995218623,313.0,3.0,1.0,False,0.0,0.0,0.0,0.0,1.0,1.0,-33.872955322265625,8.37745475769043,0.0,False
1695432402489438000,61,2,Host_Right,-1.214504361152649,-0.0007405943470075,-0.000519533175975,-7.727169759164099e-06,2.84566459851402,6.107453227876931,1.1361578046225458,1342.0,3.0,1.0,False,0.0,0.0,0.0,0.0,1.0,1.0,-60.259674072265625,8.389596939086914,0.0,False
1695432402489438000,31,6,Adjacent_Right_Right,-4.295108795166016,-0.0192661043256521,-0.0012011595536023,-1.608204001968261e-05,2.84566459851402,6.107453227876931,1.1361578046225458,1777.0,3.0,1.0,False,0.0,0.0,0.0,0.0,1.0,1.0,-60.03371810913086,8.302142143249512,0.0,False
1695432402489438000,44,10,RightRight_Right,-7.363865375518799,-0.0655557960271835,-0.0038257685955613,-6.388303881976753e-05,2.84566459851402,6.107453227876931,1.1361578046225458,314.0,3.0,1.0,False,0.0,0.0,0.0,0.0,1.0,1.0,-34.04612350463867,8.204671859741211,0.0,False
1695432402522795000,61,2,Host_Right,-1.2162538766860962,-0.0011690644314512,-0.0005317784380167,-7.766122507746331e-06,2.944718047234403,6.315692333665311,1.1360540781696944,1343.0,3.0,1.0,False,0.0,0.0,0.0,0.0,1.0,1.0,-60.491249084472656,8.157888412475586,0.0,False
1695432402522795000,31,6,Adjacent_Right_Right,-4.301206111907959,-0.0195706319063901,-0.0011826958507299,-1.5577090380247682e-05,2.944718047234403,6.315692333665311,1.1360540781696944,1778.0,3.0,1.0,False,0.0,0.0,0.0,0.0,1.0,1.0,-60.265052795410156,8.070887565612793,0.0,False
1695432402522795000,44,10,RightRight_Right,-7.378630638122559,-0.0662579536437988,-0.0037607485428452,-6.118354212958366e-05,2.944718047234403,6.315692333665311,1.1360540781696944,315.0,3.0,1.0,False,0.0,0.0,0.0,0.0,1.0,1.0,-34.277191162109375,7.974142551422119,0.0,False
1695432402556151000,61,2,Host_Right,-1.2180042266845703,-0.0015178660396486,-0.0005420974921435,-7.798576007189695e-06,3.0427886835212234,6.524466958580547,1.1359042442769294,1344.0,3.0,1.0,False,0.0,0.0,0.0,0.0,1.0,1.0,-60.66475296020508,7.984254360198975,0.0,False
1695432402556151000,31,6,Adjacent_Right_Right,-4.304976940155029,-0.0193371847271919,-0.0011399352224543,-1.4803009435127024e-05,3.0427886835212234,6.524466958580547,1.1359042442769294,1779.0,3.0,1.0,False,0.0,0.0,0.0,0.0,1.0,1.0,-60.438289642333984,7.8978776931762695,0.0,False
1695432402556151000,44,10,RightRight_Right,-7.389709949493408,-0.0664781630039215,-0.0036881372798234,-5.879696982447058e-05,3.0427886835212234,6.524466958580547,1.1359042442769294,316.0,3.0,1.0,False,0.0,0.0,0.0,0.0,1.0,1.0,-34.45013427734375,7.801712989807129,0.0,False
1695432402589508000,61,2,Host_Right,-1.2197715044021606,-0.0018470071954652,-0.0005553980590775,-7.878318683651742e-06,3.09141911870546,6.629056530269509,1.135811978707434,1345.0,3.0,1.0,False,0.0,0.0,0.0,0.0,1.0,1.0,-60.83822250366211,7.810636520385742,0.0,False
1695432402589508000,31,6,Adjacent_Right_Right,-4.282273769378662,-0.0113230664283037,-0.0006366714951582,-7.870808985899203e-06,3.09141911870546,6.629056530269509,1.135811978707434,1780.0,3.0,1.0,False,0.0,0.0,0.0,0.0,1.0,1.0,-60.611351013183594,7.728114604949951,0.0,False
1695432402589508000,44,10,RightRight_Right,-7.400946617126465,-0.0664259195327758,-0.0035919577348977,-5.585623875958845e-05,3.09141911870546,6.629056530269509,1.135811978707434,317.0,3.0,1.0,False,0.0,0.0,0.0,0.0,1.0,1.0,-34.622745513916016,7.629721164703369,0.0,False
1695432402622864000,61,2,Host_Right,-1.2219080924987793,-0.0021770563907921,-0.0005686655640602,-7.931097570690326e-06,3.1898466308059596,6.838027464811603,1.1355595916207697,1346.0,3.0,1.0,False,0.0,0.0,0.0,0.0,1.0,1.0,-61.06965255737305,7.579033374786377,0.0,False
1695432402622864000,44,0,Unknown,-7.415899276733398,-0.0666504427790641,-0.003505342407152,-5.309564221533947e-05,3.1898466308059596,6.838027464811603,1.1355595916207697,318.0,3.0,1.0,False,0.0,0.0,0.0,0.0,1.0,1.0,-34.852943420410156,7.400174617767334,0.0,False
1695432402656335000,61,2,Host_Right,-1.2239469289779663,-0.0021694370079785,-0.0005501656560227,-7.540461865573889e-06,3.287942039998086,7.047309563151543,1.1353612833660636,1347.0,3.0,1.0,False,0.0,0.0,0.0,0.0,1.0,1.0,-59.57950973510742,7.405255317687988,0.0,False
1695432402656335000,44,0,Unknown,-7.426531791687012,-0.0661111921072006,-0.0033669162075966,-4.936587356496602e-05,3.287942039998086,7.047309563151543,1.1353612833660636,319.0,3.0,1.0,False,0.0,0.0,0.0,0.0,1.0,1.0,-35.026058197021484,7.227757930755615,0.0,False
1695432402689691000,61,2,Host_Right,-1.2277158498764038,-0.002965533407405,-0.0005908737657591,-8.08825370768318e-06,3.336928448693186,7.151987525424374,1.1352789314847276,1347.0,3.0,1.0,False,0.0,0.0,0.0,0.0,1.0,1.0,-59.75334167480469,7.231109142303467,0.0,False
1695432402689691000,44,0,Unknown,-7.437932968139648,-0.0658208429813385,-0.0032528571318835,-4.632836498785764e-05,3.336928448693186,7.151987525424374,1.1352789314847276,320.0,3.0,1.0,False,0.0,0.0,0.0,0.0,1.0,1.0,-35.19931411743164,7.055047035217285,0.0,False
1695432402723047000,61,2,Host_Right,-1.2339221239089966,-0.0045583010651171,-0.0006728383596055,-9.080584277398884e-06,3.436265110384113,7.361310411219279,1.135158446471125,1349.0,3.0,1.0,False,0.0,0.0,0.0,0.0,1.0,1.0,-59.98516082763672,6.998747825622559,0.0,False
1695432402723047000,44,0,Unknown,-7.4530158042907715,-0.0659164488315582,-0.0031498568132519,-4.344229819253087e-05,3.436265110384113,7.361310411219279,1.135158446471125,320.0,3.0,1.0,False,0.0,0.0,0.0,0.0,1.0,1.0,-35.43074035644531,6.824097156524658,0.0,False
1695432402756404000,61,2,Host_Right,-1.2383829355239868,-0.0055275866761803,-0.0007124930853024,-9.486770068178885e-06,3.5349899676792234,7.570708453924681,1.1350867274331682,1349.0,3.0,1.0,False,0.0,0.0,0.0,0.0,1.0,1.0,-60.15900802612305,6.82460355758667,0.0,False
1695432402756404000,44,0,Unknown,-7.465530395507812,-0.0661736577749252,-0.0030826367437839,-4.154193447902799e-05,3.5349899676792234,7.570708453924681,1.1350867274331682,322.0,3.0,1.0,False,0.0,0.0,0.0,0.0,1.0,1.0,-35.60441970825195,6.650666236877441,0.0,False
1695432402789761000,35,1,Host_Left,1.769045114517212,-0.0625123381614685,0.0142185799777507,-0.0016110127326101,3.584017661520022,7.675425044616645,1.135071449861672,6.0,3.0,1.0,False,0.0,0.0,0.0,0.0,1.0,2.0,0.8397470712661743,6.723480701446533,0.0,False
1695432402789761000,61,2,Host_Right,-1.2412004470825195,-0.0058837276883423,-0.0007123000686988,-9.34597301238682e-06,3.584017661520022,7.675425044616645,1.135071449861672,1351.0,3.0,1.0,False,0.0,0.0,0.0,0.0,1.0,1.0,-60.3327751159668,6.65076208114624,0.0,False
1695432402789761000,44,0,Unknown,-7.488300323486328,-0.0709230825304985,-0.0033972475212067,-4.803119009011425e-05,3.584017661520022,7.675425044616645,1.135071449861672,323.0,3.0,1.0,False,0.0,0.0,0.0,0.0,1.0,1.0,-35.778018951416016,6.475794792175293,0.0,False
1695432402823117000,61,2,Host_Right,-1.240653157234192,-0.0064507918432354,-0.0008145474130287,-1.3184941963118035e-05,3.681845807852028,7.884717588269609,1.1349663095353024,1352.0,3.0,1.0,False,0.0,0.0,0.0,0.0,1.0,1.0,-3.771857738494873,6.419399738311768,0.0,False
1695432402823117000,44,6,Adjacent_Right_Right,-7.525796413421631,-0.0888900160789489,-0.0055211219005286,-0.0001159296953119,3.681845807852028,7.884717588269609,1.1349663095353024,324.0,3.0,1.0,False,0.0,0.0,0.0,0.0,1.0,1.0,-3.184241533279419,6.239566326141357,0.0,False
1695432402856474000,61,2,Host_Right,-1.2179150581359863,-0.0125471288338303,-0.0022108976263552,0.0002982951409649,3.77916850275858,8.094038628110752,1.1348065937635805,1353.0,3.0,1.0,False,0.0,0.0,0.0,0.0,1.0,1.0,-3.945394277572632,6.246073246002197,0.0,False
1695432402889830000,61,2,Host_Right,-1.2224847078323364,-0.0127524323761463,-0.0016863849014043,0.0003152360732201,3.8277682384662057,8.19866378603615,1.1347089616602437,1354.0,3.0,1.0,False,0.0,0.0,0.0,0.0,1.0,1.0,-4.119028091430664,6.072883605957031,0.0,False
1695432402923187000,61,2,Host_Right,-1.2257589101791382,-0.0131942145526409,-0.0013129306025803,0.0003449564392212,3.925290467046807,8.407839184386376,1.1344941709477996,1355.0,3.0,1.0,False,0.0,0.0,0.0,0.0,1.0,1.0,-4.350167751312256,5.842030048370361,0.0,False
1695432402956544000,61,2,Host_Right,-1.2284866571426392,-0.0135084185749292,-0.0009520719177089,0.0003838865086436,4.022725159288427,8.616825981751163,1.134263686731382,1356.0,3.0,1.0,False,0.0,0.0,0.0,0.0,1.0,1.0,-4.522590160369873,5.669906139373779,0.0,False
1695432402989900000,61,2,Host_Right,-1.2136690616607666,-0.015808742493391,-0.0043654912151396,-7.610132888657972e-05,4.071355474137192,8.721240565434073,1.1341900132168052,1357.0,3.0,1.0,False,0.0,0.0,0.0,0.0,1.0,1.0,-4.695251941680908,5.4928998947143555,0.0,False
1695432403023257000,61,2,Host_Right,-1.2292616367340088,-0.0172635782510042,-0.0022889168467372,0.0002115352835971,4.1701454039118175,8.929818451261212,1.1341143816273915,1358.0,3.0,1.0,False,0.0,0.0,0.0,0.0,1.0,1.0,-4.925404071807861,5.264960765838623,0.0,False
